重大疾病保险金_给付金可能格式,身故保险金_可能格式,责任免除_退还金可能格式,保单贷款政策_可贷款的最高金额,保单贷款政策_利率上限,退保_解除合同_退保返还金额,退保_解除合同_退保费用
基本保额*1,无,无,无,无,未满其保险费,无
身故保险金*1，重大疾病保险金*1，无息返还保险费*1,身故保险金*1,根据现金价值表计算的本合同终止时的现金价值,不详,不详,不详,不详
基本保险金额*1,基本保险金额给*1,合同现金价值*1,不详,不详,现金价值,不详
经专科医生初次确诊被保险人罹患本合同约定的任何一种或多种重大疾病*约定;若被保险人生存至105周岁的保险单周年日*约定,在被保险人年满十八周岁后的首个保险单周年日以前（若保险单周年日与被保险人生日是同一日期，则于被保险人十八周岁生日以前），被保险人身故*累计已交纳保费（无息）;在被保险人年满十八周岁后的首个保险单周年日以前（若保险单周年日与被保险人生日是同一日期，则于被保险人十八周岁生日以前），被保险人身故*保险单载明的基本保险金额,"发生投保人对被保险人的故意杀害、故意伤害导致被保险人身故、高度残疾或者发生本合同约定的轻症疾病、重大疾病、长期护理状态或进行手术的,已交足两年以上保险费的*本合同的现金价值;发生上述其他情形导致被保险人身故、高度残疾或者发生本合同约定的轻症疾病、重大疾病、长期护理状态或进行手术的,向投保人退还*本合同的现金价值。",无,无,本合同现金价值,无
按本合同基本保险金额给付,保险费*100%;基本保险金额*100%,见现金价值表,过本合同当时的现金价值扣除各项欠款后余额的80%,以同期中国人民银行六个月期贷款利率+1%,本合同终止时的现金价值,无
重大疾病保险金*1,身故保险金*1,现金价值*1,不详,不详,保费,10
重大疾病保险金*1,身故保险金*1,现金价值*1,无,无,现金价值,不详
重大疾病保险金*1,身故保险金*1,现金价值*1,无,无,现金价值,不详
重大疾病保险金*1,身故保险金*1,现金价值*1,无,无,现金价值,不详
重大疾病保险金*1,身故保险金*1,现金价值,无,无,现金价值,不详
重大疾病保险金*1,身故保险金*1,现金价值,过保险合同现金价值扣除各项欠款后余额的80％,约定,现金价值,不详
不详,不详,未满期净保费=保险费×（1-35%）×1-保险单已经过日数/保险期间日数）,不详,不详,未满期净保费=保险费×（1-35%）×1-保险单已经过日数/保险期间日数）,不详
不详,不详,本合同的现金价值。,无,无,不详,不详
不详,所交保费的120%;基本保险金额×3,本合同现金价值,本合同的现金价值扣除欠交保险费、借款及利息后余额的80%,计息期间人民银行每月第一个营业日适用的人民币 6 个月期贷款 利率平均值与 4.5% 之较大者,本合同现金价值,不详
不详,不详,退还金=本合同的现金价值,不详,不详,本合同的现金价值,不详
重大疾病保险金*1,无,现金价值*1,无,无,现金价值,约定
无,不详,不详,无,无,不详,不详
重大疾病保险金*1,无,现金价值*1,无,无,现金价值,无
保额*1，保额*0.5,身故保险金*1，身故保险金*0.5,现金价值*1,无,无,无息保险费-10,10
约定,无,本合同的未满期净保险费,无,无,本合同的未满期净保险费,无
无,无,不详,无,不详,约定,约定
给付金=本合同基本保险金额×（1+3%×保单经过的整年度数）,给付金=本合同基本保险金额×（1+1%×保单经过的整年度数）,本合同的现金价值,累积的保单贷款本息金额以投保人提出书面申请时本合同所具有的现金价值的百分之七十为限,中国人民银行颁布的同期五年期人民币贷款基准利率,无息退还已交保险费,无
约定,约定,根据精算原理计算,无,无,全额,全额
不详,不详,保险单的现金价值,无,无,保险单的现金价值,不详
保险金额=确诊当时本合同保险金额*6,保险金额=确诊当时本合同保险金额*6,本合同的现金价值,借款金额最高不得超过本合同当时现金价值扣除您尚未清偿的欠款及应付利息后余额的80%,不详,本合同的现金价值,不详
不详,无,不详,无,无,本合同的现金价值,不详
不详,不详,本合同终止时的现金价值,本合同当时现金价值净值与附加合同保险单现金价值净值之和的80%,约定,本合同终止时的现金价值,不详
不详,不详,不详,不详,不详,不详,不详
不详,给付金=100%*本合同已缴纳保险费（不计利息）;给付费=按基本保险金额给付,本合同终止时的现金价值,本合同当时的现金价值扣除各项欠款后余额的80%,约定,本合同终止时的现金价值,不详
不详,无,不详,合同现金价值扣除各项欠款后余额的80%,同期中国人民银行六个月期贷款利率+1%,不详,不详
不详,无,已交保险费×（1-25%）×（1-经过天数/保险期间的天数),不详,不详,未满期净保费,不详
不详,不详,合同现金价值,合同及其附加合同现金价值扣除各项欠款后余额的80%,计息期间开始当月中国人民银行第一个营业日颁布的人民币六个月期贷款利率与5.5%之较大值,现金价值,不详
保险金=保险金额,保险金=保险金额,退还金=现金价值,保险合同现金价值扣除各项欠款后余额的80％,不详,本合同的现金价值,不详
给付金=确诊当时本合同保险金额*6,给付金=确诊当时本合同保险金额*6,退还金=本合同的现金价值,本合同当时现金价值扣除尚未清偿的欠款及应付利息后余额的80%,不详,本合同的现金价值,不详
给付金=本合同基本保险金额×（1+3%×保单经过的整年度数）,本合同基本保险金额×（1+1%×保单经过的整年度数）,本合同的现金价值,投保人提出书面申请时本合同所具有的现金价值的百分之七十,中国人民银行颁布的同期五年期人民币贷款基准利率,无息退还投保人已交保险费,无
无,无,约定,无,不详,约定,约定
当年度保险金额＝基本保险金额×（1+2.5%×已经过完整保险年度数）,按本合同实际交纳的保险费的110%给付身故保险金,本合同的现金价值,投保人提出书面申请时本合同所具有的现金价值的百分之七十,中国人民银行颁布的同期五年期人民币贷款基准利率,无息退还投保人已交保险费,不详
180日内因疾病给付金=本合同已交保险费，180日后因疾病给付金=本合同的当年度保险金额，因意外伤害事故给付金=本合同当年度保险金额，180日内特定疾病给付金=本合同已交保险费，180日后因疾病导致被确诊首次患本合同定义的特定疾病保险金=本合同当年度保险金额*20%，因意外伤害事故导致被确诊首次患本合同定义的特定疾病或首次进行本合同定义的特定手术保险金=本合同当年度保险金额*20%,180日内身故保险金=本合同已交保险费，180后身故保险金=本合同实际交纳的保险费*110%，意外伤害事故导致身故保险金=本合同实际交纳的保险费*110%,退还金=本合同的现金价值,不详,不详,本合同的现金价值,不详
不明,无,本合同终止之日的现金价值,无,不详,本合同终止时的现金价值,无
不详,无,未满期净保险费,无,无,未满净期保险费,不详
不详,无,"保险费×（1-35%）×（1-n/m）,其中,n指本合同从生效之日至终止之日实际经过的天数,经过的天数不足一天的不计;m指本合同的保险期间对应的天数",无,无,未满期净保险费,不详
按您已交纳的本合同的保险费数额;按本合同保险金额,按您已交纳的本合同的保险费数额;按本合同保险金额,本合同终止时的现金价值,无,无,本合同终止时的现金价值,不详
不详,无,"保险费×（1-35%）×（1-n/m）,其中,n指本合同从生效之日至终止之日实际经过的天数,经过的天数不足一天的不计;m指本合同的保险期间对应的天数",无,无,"保险费×（1-35%）×（1-n/m）,其中,n指本合同从生效之日至终止之日实际经过的天数,经过的天数不足一天的不计;m指本合同的保险期间对应的天数",不详
无,无,无,无,无,无,无
给付金=本合同当时的基本保险金额,投保时年龄未满18周岁，在本合同保险期间内且本合同有效，被保险人在年满18岁后的首个保险单周年日零时之前身故，且在交费期满前身故保险金=本合同的标准体年交保险费*被保险人身故时本合同的保单年度数;，投保时年龄未满18周岁，在本合同保险期间内且本合同有效，被保险人在年满18岁后的首个保险单周年日零时之前身故，且在交费期满后身故保险金=本合同的标准体年交保险费*交费年期数;，投保时年龄未满18周岁，在本合同保险期间内且本合同有效，被保险人在年满18岁后的首个保险单周年日零时之后（含零时）身故保险金=本合同的基本保险金额;，投保时年龄已满18周岁，在本合同保险期间内且本合同有效，被保险人身故保险金=本合同的基本保险金额;,退还金=保险单的现金价值,不超过本合同当时所具有的现金价值净额的90％,约定,保险单的现金价值,不详
早期治疗保险金：保险人确诊时本主险合同基本保险金额*10%（每次给付早期治疗保险金后，本主险合同保险金额随之减少相应给付额度，本主险合同现金价值按减少后的保险金额重新计算）,约定,本主险合同的现金价值,本主险合同当时所具有的现金价值净额的70％,保单贷款当时中国人民银行适用的人民币6 个月期贷款利率与4.5%之较大者,"本主险合同的现金价值;如果已给付过任何保险金,则不退还",无
重大疾病保险金：合同生效日或最后复效日（以较迟者为准）起180天后或因遭受意外伤害导致被保险人首次发病并经医院确诊首次患一项或多项重大疾病且自确诊日起生存满30天给付金=本主险合同的基本保险金额;合同生效日或最后复效日（以较迟者为准）起180天内（含第180天），被保险人首次发病并经医院确诊首次患一项或多项重大疾病给付金=本主险合同已交保险费;，特种重大疾病保险金：自本主险合同生效日或最后复效日（以较迟者为准）起180天后，被保险人首次发病并经医院确诊首次患一项或两项本合同定义的特种重大疾病(但因遭受意外伤害事故导致的不受此180天限制)且生存满30天给付金=被保险人确诊时本主险合同的基本保险金额+被保险人确诊时本主险合同的基本保险金额;,给付金=本主险合同已交保险费,退还金=本主险合同的现金价值,本主险合同当时所具有的现金价值净额的一定比例（最低不低于70%）,本条款约定利率（保单贷款当时中国人民银行适用的人民币 6 个月期贷款利率与4.5%之较大者）,本主险合同的现金价值,不详
给付金=确诊时或接受手术时本合同的保险金额,给付金=当年度已支付的保险费,不详,不详,不详,"等待期期间：无息退还投保人当年度已支付的保险费;月付：解除合同申请日至该保险单年度保险费约定支付日的月数不足一个月退费比例0%;季付：解除合同申请日至该保险单年度保险费约定支付日的月数不足一个月退费比例0%,解除合同申请日至该保险单年度保险费约定支付日的月数足一个月少于二个月退费比例22%,解除合同申请日至该保险单年度保险费约定支付日的月数足二个月少于三个月退费比例43%;半年付：解除合同申请日至该保险单年度保险费约定支付日的月数不足一个月退费比例0%,解除合同申请日至该保险单年度保险费约定支付日的月数足一个月少于二个月退费比例11%,解除合同申请日至该保险单年度保险费约定支付日的月数足二个月少于三个月退费比例22%,解除合同申请日至该保险单年度保险费约定支付日的月数足三个月少于四个月退费比例33%,解除合同申请日至该保险单年度保险费约定支付日的月数足四个月少于五个月退费比例43%,解除合同申请日至该保险单年度保险费约定支付日的月数足五个月少于六个月退费比例54%;年付：解除合同申请日至该保险单年度保险费约定支付日的月数不足一个月退费比例0%,解除合同申请日至该保险单年度保险费约定支付日的月数足一个月少于二个月退费比例5%,解除合同申请日至该保险单年度保险费约定支付日的月数足二个月少于三个月退费比例11%,解除合同申请日至该保险单年度保险费约定支付日的月数足三个月少于四个月退费比例16%,解除合同申请日至该保险单年度保险费约定支付日的月数足四个月少于五个月退费比例22%,解除合同申请日至该保险单年度保险费约定支付日的月数足五个月少于六个月退费比例27%,解除合同申请日至该保险单年度保险费约定支付日的月数足六个月少于七个月退费比例33%,解除合同申请日至该保险单年度保险费约定支付日的月数足七个月少于八个月退费比例38%,解除合同申请日至该保险单年度保险费约定支付日的月数足八个月少于九个月退费比例43%,解除合同申请日至该保险单年度保险费约定支付日的月数足九个月少于十个月退费比例49%,解除合同申请日至该保险单年度保险费约定支付日的月数足十个月少于十一个月退费比例54%,解除合同申请日至该保险单年度保险费约定支付日的月数足十一个月少于十二个月退费比例60%;",不详
下面二者取较大者重大疾病保险金总额=首个重大疾病保险金给付日到本合同保险期间届满日期间的保单月度对应日出现的次数*确诊时本合同的基本保险金额;重大疾病保险金总额=（开始给付重大疾病保险金时累计应付已付各期保险费对应的月数÷12）×按年付方式计算的本合同年保险费;,不详,不详,本合同当时现金价值的70%,中国人民银行公布的当时适用的人民币六个月期贷款利率（年利率）与4.5%之较大者,"本合同的现金价值;若有借款,返还本合同的现金价值扣除未偿还的借款及借款利息",不详
下列两者取较大的：给付金=首个重大疾病保险金给付日到本合同保险期间届满日期间的保单月度对应日出现的次数*确诊时本合同的基本保险金额;给付金=（开始给付重大疾病保险金时累计应付已付各期保险费对应的月数÷12）*按年付方式计算的本合同年保险费;,不详,不详,本合同当时现金价值的70%,中国人民银行公布的当时适用的人民币六个月期贷款利率（年利率）与 4.5%之较大者,无借款：本合同的现金价值;有借款：本合同的现金价值扣除未偿还的借款及借款利息;,不详
下列两者中取较大者给付金=首个重大疾病保险金给付日到本合同保险期间届满日期间的保单月度对应日出现的次数*确诊时本合同的基本保险金额;给付金=（开始给付重大疾病保险金时累计应付已付各期保险费对应的月数÷12）*按年付方式计算的本合同年保险费;,不详,不详,本合同当时现金价值的70%,中国人民银行公布的当时适用的人民币六个月期贷款利率（年利率）与 4.5%之较大者,无借款：本合同的现金价值;有借款：本合同的现金价值扣除未偿还的借款及借款利息;,不详
无,无,无,无,无,无,无
重大疾病保险金：本合同生效（或最后复效）之日起180天内，因首次发生并确诊的疾病导致本合同所定义的重大疾病（无论一种或多种）给付金=本合同已交保险费（不计利息）;本合同生效后因意外伤害导致本合同所定义的重大疾病（无论一种或多种），或于本合同生效（或最后复效）之日起180天后，因首次发生并确诊的疾病导致本合同所定义的重大疾病（无论一种或多种），给付金=本合同的基本保险金额;，全残保险金：本合同生效（或最后复效）之日起180天内，因疾病导致本合同所约定的全残，给付金=本合同已交保险费（不计利息）;本合同生效后因意外伤害导致本合同所约定的全残，或于本合同生效（或最后复效）之日起180天后，因疾病导致本合同所约定的全残，给付金=本合同的基本保险金额;,本合同生效（或最后复效）之日起180天内，因疾病身故，给付金=本合同已交保险费（不计利息）;本合同生效后因意外伤害身故，或于本合同生效（或最后复效）之日起180天后，因疾病身故，给付金=本合同的基本保险金额,退还金=本合同的现金价值,不详,不详,本合同的现金价值,不详
本合同生效之日起90日内，被保险人因意外伤害之外的原因首次发病，并经医院确诊初次发生本合同约定的一种或多种重大疾病的给付金=本合同所交保险费（无息）;被保险人因意外伤害，或在本合同生效之日起90日后（续保从续保生效日起），因意外伤害之外的原因首次发病，并经医院确诊初次发生本合同约定的一种或多种重大疾病的给付金=本合同的保险金额;,不详,退还金=本合同终止之日的现金价值,无,无,本合同终止之日的现金价值,不详
重大疾病保险金*1,身故保险金*1,现金价值*1,无,无,现金价值,不详
重大疾病保险金：在合同有效期内被保险人于等待期内首次发病给付金=本合同累计所交保险费（无息）;意外伤害事故或等待期后首次发病给付金=本合同的保险金额;，白血病保险金：给付金=本合同的保险金额*30%;，轻症少儿重疾保险金：给付金=本合同保险金额*20%;,以下两者取较大值给付金=本合同的累计已交保险费;给付金=本合同的现金价值;,退还金：本合同的现金价值,不详,不详,犹豫期内：退保返还金额=已收保险费（无息）;犹豫期后：退保返还金额=本合同的现金价值;,不详
基本保险金额;基本保险金额*25%;基本保险金额*50%,基本保险金额;基本保险金额*25%;基本保险金额*50%,A=本主线合同的现金价值,保险合同现金价值扣除各项欠款后余额的80%,无,现金价值,约定
不详,不详,本合同保险单的现金价值,本合同保险单的现金价值扣除各项欠款后余额的80%,约定,本合同保险单的现金价值,不详
不详,无,不详,无,无,现金价值,不详
约定的保险金额,约定,约定,借款金额最高不得超过本合同当时现金价值的一定比例,无,现金价值,无
1.00×基本保险金额（初次确诊时所处保单年度为1-5）;1.05×基本保险金额（初次确诊时所处保单年度为6-10）;1.10×基本保险金额（初次确诊时所处保单年度为11-15）;1.15×基本保险金额（初次确诊时所处保单年度为16-20）;1.20×基本保险金额（初次确诊时所处保单年度为20以上）,1.00×基本保险金额（初次确诊时所处保单年度为1-5）;1.05×基本保险金额（初次确诊时所处保单年度为6-10）;1.10×基本保险金额（初次确诊时所处保单年度为11-15）;1.15×基本保险金额（初次确诊时所处保单年度为16-20）;1.20×基本保险金额（初次确诊时所处保单年度为20以上）,本合同的现金价值,本合同当时的现金价值扣除各项欠款后余额的80%,不详,本合同的现金价值,无
本保险实际缴纳的保险费*105%（一年内）;本合同保险金额*1.0（一年后）,本保险实际缴纳的保险费*105%（被保险人身故时不到18周岁）;本合同保险金额*1.0（被保险人身故时已满18岁）,保险单现金价值,现金价值净额的70%,无,保险单的现金价值,无
不详,不详,本合同终止时的现金价值,本合同当时所具有的现金价值的百分之八十,约定,已支付的全部保险费,不详
不详,不详,本合同终止时的现金价值,本合同当时所具有的现金价值的百分之80,约定,已支付的全部保险费,不详
不详,无,本合同终止时的现金价值,本合同当时的现金价值扣除各项欠款后余额的80%,约定,本合同终止时的现金价值,不详
不详,无,未满期净保费*1,不详,不详,未满期净保费,不详
给付金=基本保险金额*300%,给付金=基本保险金额*300%,本合同的现金价值,本合同当时的现金价值扣除欠交保险费、借款及利息后余额的百分之80,不详,"十日内,已收全部保险费;十日后,本合同的现金价值;",不详
基本保险金额*20%,不详,不详,现金净额价值*90%,同期人民银行每月第一个营业日颁布的二年期居民定期储蓄存款利率与 2.5%,不详,不详
约定,约定,本合同的现金价值,本合同当时的现金价值扣除欠交保险费、借款及利息后余额的80%,无,"签收保单后10日内解除的,退还已收全部保险费;签收保险单十日后解除的,退还本合同的现金价值",无
约定,不明,本合同的现金价值,无,无,合同现金价值,无
不详,基本保险金额;所交保费,本合同的现金价值,不得超过本合同当时的现金价值扣除欠交保险费、借款及利息后余额的百分之八十,不详,现金价值,本合同现金价值
基本保险金额*2,基本保险金额*2,本合同的现金价值,最高借款金额不得超过本合同当时的现金价值扣除欠交保险费、借款及利息后余额的百分之八十,无,现金价值,本合同现金价值
重大疾病保险金：等待期内给付金=本合同所交保险费（无息），等待期后或意外事故给付金=本合同的基本保险金额*120%;特定疾病保险金：等待期内给付金=本合同所交保险费（无息），等待期后或意外事故给付金=本合同的基本保险金额*20%，给付金额最高人民币10万元;,生效180天内因疾病身故给付金=本合同所交保险费（无息）;因前述以外情形身故给付金=本合同的基本保险金额,退还金=本合同的现金价值;退还金=本合同的现金价值-本合同已经给付或应给付的特定疾病保险金,本合同当时的现金价值扣除欠交保险费、借款及利息后余额*80%,不详,"签收保单10日内退保返还金额=已收全部保险费,签收保单10日后退保返还金额=本合同的现金价值",不详
本合同生效1年内给付金=550元*份数，本合同生效1年后给付金=本合同的保险金额,本合同生效1年内给付金=550元*份数，本合同生效1年后给付金=本合同的保险金额,身故或身体全残保险责任免除退还金=保险单的现金价值,现金价值净额*70%,中国人民银行颁布的五年期人民币贷款基准利率，逾期期间再上升1个百分点,"犹豫期内：退还本保险实际交纳的保险费,犹豫期后：退还保险单的现金价值",不详
约定,无,未满期净保费,无,无,本合同的未满期净保费,无
意外伤害或等待期后第一组特定疾病保险金（颈动脉内膜切除手术、单眼视力丧失、单个肢体缺失、慢性复发性胰腺炎、侵袭性葡萄胎）=基本保险金额*10%，第二组特定疾病保险金（极早期恶性肿瘤或恶性病变、不典型的急性心肌梗塞、轻度脑中风、冠状动脉介入手术、心脏瓣膜介入手术、主动脉内手术、脑垂体瘤、脑囊肿和脑血管瘤、较小面积Ⅲ度烧伤、严重头部外伤、轻度原发性肺动脉高压）=基本保险金额*20%;，重大疾病保险金：等待期前给付金=本保险实际交纳的保险费*1.1，等待期后给付金=基本保险金额;，疾病终末期保险金：等待期前给付金=本保险实际交纳的保险费*1.1，等待期后给付金=基本保险金额;，长期护理保险金=本合同基本保险金额*1/120（累计给付金额=基本保险金额）;,等待期内：给付金=本保险实际交纳的保险费*1.1;等待期后：给付金=基本保险金额,身故或身体全残保险责任免除退还金=保险单的现金价值,不详,不详,"犹豫期内返还金额=本保险实际交纳的保险费,犹豫期后返还金额=保险单的现金价值",不详
合同所约定保险金额,无,未满期净保险费=保险费×75﹪×未经过月数/保险期间所包含的月数,无,无,未满期净保险费,不详
被保险人于本合同生效或最后一次复效之日起90日内（含第90日）因意已交保险费比例*重大疾病保险金,被保险人身故时的已交保费比例*保险金额,现金价值,借款时现金价值*80%,不详,合同现金价值,约定
不详,不详,本合同终止时的现金价值,本合同现金价值扣除各项欠款后余额的百分之八十,约定,本合同终止时的现金价值,不详
不详,按保险单载明的保险金额,本合同的现金价值,借款金额最高以借款当时本合同现金价值扣除欠交保险费后净额的百分之八十为限,不详,所有已交保险费,不详
无,不详,本合同的现金价值,无,无,本合同现金价值,不详
不详,18周岁及以后，按身故时的保险金额给付;18周岁前，按身故时的现金价值给付;,本合同的现金价值,本合同现金价值扣除各项欠款后余额的90%,不详,本合同效力终止时的现金价值,不详
100%*约定保险金额,无,未满期保险费,无,无,未满期保险费,不详
主合同的保险金额,主合同保险金额*10%,保险单的现金价值,无,不详,保险单的现金价值,无
基本保险金额,无,保险单的现金价值,无,无,保险单的现金价值,无
重大疾病保险金*1,身故保险金*1,现金价值*1,现金价值*0.8-各项欠款,不详,现金价值,不详
重大疾病保险金*1,无,未满期净保费,无,无,未满期净保费,不详
重大疾病保险金*1，白血病关爱保险金*1,无,未满期净保费*1,无,无,未满期净保费,不详
重大疾病保险金*1,身故保险金*1,现金价值,无,无,现金价值,不详
重大疾病保险金*1,无,现金价值,无,无,现金价值,不详
重大疾病保险金*1,身故保险金*1,现金价值*1,无,无,现金价值,不详
重大疾病保险金*1,身故保险金*1,现金价值*1,无,无,现金价值,不详
保险金额*1,无,现金价值*1,无,无,现金价值,不详
保险金额*1,已支付的保险费，保险金额,现金价值,无,无,现金价值-退保费用,不详
不详,不详,本合同的现金价值,不得超过保险单的现金价值扣除各项欠款后余额的80%,约定,本合同的现金价值,不详
不详,不详,本合同的现金价值,不得超过本合同现金价值扣除各项未还款项后余额的80％,约定,本合同的现金价值,不详
不详,无,未满期净保险费,无,无,未满期净保险费,不详
等待期前发病给付金=投保人已交纳的保险费金额，意外伤害给付金=保险金额，等待期后发病给付金=保险金额,等待期内身故给付金=投保人已交纳的保险费，意外伤害或等待期后身故给付金=保险金额,退还金=本合同的现金价值,不详,不详,返还金额=本合同的现金价值,不详
等待期前发病给付金=投保人已交纳的保险费金额，意外伤害给付金=保险金额，等待期后发病给付金=保险金额,等待期内身故给付金=投保人已交纳的保险费，意外伤害或等待期后身故给付金=保险金额,退还金=本合同的现金价值,不详,不详,返还金额=本合同的现金价值,不详
不详,不详,不详,不详,不详,合同现金价值,不详
少儿重大疾病保险金：不详;，白血病特别关爱保险金：少儿重大疾病保险金+保险金额*30%;,不详,不详,不详,不详,合同的现金价值,不详
等待期内给付金=投保人已交纳的保险费金额，意外伤害或等待期后给付金=保险金额,以下两项中的较大值给付金=投保人已交纳的保险费金额*110%;给付金=被保险人身故时本合同的现金价值;,退还金=本合同的现金价值,不详,不详,本合同的现金价值,不详
女性特定重大疾病保险金：基本保险金额*2;，女性原位癌保险金：基本保险金额*20%;，女性特定手术保险金：基本保险金额*10%;,基本保险金额*2,不详,不详,不详,合同现金价值,不详
保险金额*1，社会医疗保险剩余费用*80%，医疗费用*70%,已缴纳保险费，保险金额,现金价值,无,无,现金价值,不详
不详,不详,不详,不详,不详,合同现金价值,不详
保险金额*20%,无,现金价值,不详,不详,现金价值,不详
不详,不详,不详,不详,不详,合同现金价值,不详
全额给付,已缴纳保险费，现金价值;,现金价值,无,无,现金价值,不详
女性特定重大疾病保险金：基本保险金额*2;，女性原位癌保险金：基本保险金额*20%;，女性特定手术保险金：基本保险金额*10%;,180天后：基本保险金额*2;，180天前：已交纳的保险费;,不详,不详,不详,合同现金价值,不详
保险金额*10%，保险金额,无,现金价值,无,无,现金价值,不详
基本保险金额*20%;基本保险金额*40%;基本保险金额*60%;基本保险金额*80%;基本保险金额*100%,基本保险金额*20%;基本保险金额*40%;基本保险金额*60%;基本保险金额*80%;基本保险金额*100%,现金价值,现金价值净额的70%,中国人民银行公布的同期人民币半年期贷款利率,现金价值,不详
不详,被保险人于交费期满前身故：身故保险金=本合同的标准体年交保险费×被保险人身故时本合同的保单年度数;被保险人于交费期满后身故：身故保险金=本合同的标准体年交保险费×交费年期数;,不详,合同现金价值净额的90%,同期人民银行每月第一个营业日颁布的二年期居民定期储蓄存款利率与2.5%之较大者＋2.0%,不详,不详
保险金额,保险金额,现金价值,无,无,现金价值,无
特定疾病保险金：意外伤害或等待期后发生特定疾病给付金=保险金额*30%与100000元中的较小值;重大疾病保险金：意外伤害或等待期后发生重大疾病给付金=保险金额（扣除已给付的特定疾病保险金）;,意外伤害或等待期后身故，给付金等于以下两者较大值给付金=投保人已交纳的保险费金额*120%;给付金=本合同的现金价值;，等待期内身故给付金=已交纳的保险费（无息）-已给付的特定疾病保险金,退还金=本合同的现金价值,无,无,"犹豫期后返还金额=本合同的现金价值,犹豫期内返还金额=投保人所交的全部保险费（无息）",不详
保险金额,无,未满期净保险费,无,无,未满期净保险费,无
基本保险金额*1,基本保险金额*1,现金价值*1,现金价值净额的80%,无,现金价值,无
保险金额*1,无,未满期净保险费*1,无,无,未满期净保险费,无
保险金额，保险金额*20%,无,未满期净保险费,无,无,未满期净保险费,不详
基本保险金额*10%，基本保险金额*20%，已支付的保险费，基本保险金额的30%，基本保险金额,基本保险金额*1,现金价值,无,无,现金价值,不详
主险合同保险金额*30%;主险合同保险金额*60%;主险合同保险金额*20%;,已缴主险合同保险费，保险金额,现金价值,现金价值的80%,不详,现金价值,无
主险合同保险金额，主险合同保险金额*20%，主险合同保险金额*30%，主险合同保险金额*60%,主险合同标准保险费，主险合同保险金额,现金价值,现金价值的80%,不详,现金价值,不详
保险金额*1,无,未满期净保险费,无,无,未满期净保险费,不详
保险金额*1,无,无,无,无,未满期净保险费=（1－25%）×当期保险费×当期保险费剩余日数／当期保险费总日数,无
基本保险金额*1;基本保险金额*2;基本保险金额*3,累计已交保险费*1,现金价值,无,无,现金价值,不详
基本保险金额*1，基本保险金额*20%,累计已交纳保险费*1，基本保险金额*1,现金价值,现金价值的80%,无,现金价值,不详
保险金额*1,（18岁前身故，全部保险费*1）（18岁后身故，保险金额*1）,现金价值*1,当时现金价值的80%,中国人民银行六个月贷款利 率上浮 0.25%。,现金价值,无
第一个保单年度，基本保险金额*1;、第二个保单年度，基本保险金额*2;、第三个保单年度，基本保险金额*3;,累计已交保险费*1,现金价值*1,不详,不详,保险单的现金价值,不详
满30天但不足1周岁，确诊时本主险合同保险金额×30%;满1周岁但不足2周岁，确诊时本主险合同保险金额×60%;大于或等于2周岁，确诊时本主险合同保险金额;,不详,本主险合同的现金价值,不得超过本主险合同当时现金价值的80%（因垫缴到期保险费时不受此限）,不详,本主险合同当时的现金价值,不详
不详,不详,本合同终止时的现金价值,不得超过本合同当时现金价值的80%（因垫缴到期保险费则不受此限）,当时中国人民银行六个月贷款利率上浮 0.25%,本合同终止时的现金价值,不详
疾病终末期保险金，全残保险金，长期护理保险金，特定疾病保险金，重大疾病保险金，特定恶性肿瘤额外保险金，特定重大疾病额外保险金，特别关爱保险金，豁免保险费;,基本保险金额*1,合同现金价值*1,本合同现金价值扣除各项欠款及应付利息后余额的80%,不详,保险单现金价值,不详
生命末期保险金给付金=保险单载明的保险金额*1，重大疾病保险金给付金=保险单载明的保险金额*1，特定疾病保险金给付金=保险单载明的保险金额*20%，老年护理保险金给付金=保险单载明的保险金额*1，恶性肿瘤保险金给付金=保险单载明的保险金额*50%,18周岁前身故保险金给付金=应交的本合同的保险费*1，18周岁后身故保险金给付金=保险单载明的保险金额*1,退还金=本合同的现金价值,借款当时本合同现金价值扣除欠交保险费后净额*80%,不详,本合同的现金价值*1,不详
保险金额*1,18岁之前死亡，应交保险费总额*1、现金价值*1取大;、18岁之后死亡，保险金额*1;,现金价值*1,（本合同现金价值—欠交保险费后净额）*80%,不详,现金价值,不详
（重大疾病保险金、生命末期保险金、老年护理保险金，保险金额*1）、（特定疾病保险金，保险金额*20%）、（恶性肿瘤保险金，保险金额*50%）,18岁之前死亡，保险费总额*1;、18岁之后死亡，保险金额*1;,现金价值*1,（合同现金价值—欠交保险费）*80%,不详,合同现金价值,不详
（生命关爱提前给付保险金、重大疾病保险金，保险金额*1）、（恶性肿瘤关爱保险金，保险金额*50%）、（轻症疾病保险金的，保险金额*20%）,（18岁之前，缴纳保险费*1）、（18岁之后，保险金额*1）,现金价值*1,现金价值的80%（因垫缴到期保险费则不受此限）,不超过当时中国人民银行六个月贷款利率上浮 0.25%,现金价值,不详
合同生效180日内初次发生重大疾病：实际交纳的保险费*1;意外伤害或180日后初次发生重大疾病：第一个保单年度，基本保险金额*1;第二个保单年度，基本保险金额*2;第三个保单年度及以后，基本保险金额*3;,实际交纳的保险费*1，身故时保单的现金价值*1;,保险单的现金价值*1,保险单现金价值,不详,保险单的现金价值,不详
基本保险金额*20%，基本保险金额*1，实际交纳的保险费*1.1,实际交纳的保险费*1.1，基本保险金额*1,现金价值,现金价值,不详,现金价值,不详
合同生效180日内初次发生重大疾病：实际交纳的保险费*1;意外伤害或180日后初次发生重大疾病：第一个保单年度，基本保险金额*1;第二个保单年度，基本保险金额*2;第三个保单年度及以后，基本保险金额*3;,本保险实际交纳的保险费*1，身故时保险单的现金价值*1;,保险单现金价值*1,保险单的现金价值,不详,保险单现金价值,不详
（因疾病原因导致的轻症，180日内不赔，180后赔保险金额*20%）、（因意外事故导致的轻症，赔保险金额*20%）、(因疾病原因导致的重疾，180日内赔偿所交保险费*1.1，180日之后赔偿保险金额）、（因意外事故导致的重症，赔偿保险金额）,（因意外事故导致，保险金额*1）、（因疾病导致，180日内赔所交保险费*1.1，180日之后赔保险金额*1）,现金价值*1,无,无,现金价值,不详
所交保险费*1，保险金额*1;,无,未满期净保险费*1;,不详,不详,未满期净保险费,不详
保险金额*1,无,未满期净保费,无,无,未满期净保费,不详
重大疾病保险金：生效180日以内因意外伤害外的原因初次发生重大疾病：合同累计所交保险费*120%;因意外伤害或生效180日后因意外伤害外的原因初次发生重大疾病：基本保险金额*1;，轻症疾病保险金：生效180日以内因意外伤害外的原因初次发生轻症疾病：基本保险金额*25%;,生效180日以内因意外伤害外的原因身故：合同累计所交保险费*120%;因意外伤害或生效180日后因意外伤害外的原因身故：已满18周岁的基本保险金额*1，未满18周岁的累计所交保险费*120%;,保单现金价值*1,申请时本合同现金价值扣除各项欠款及利息后余额的90%,不详,合同解除时的保单现金价值,不详
实际交纳的保险费，基本保险金额,本保险实际交纳的保险费*1，现金价值*1,现金价值,现金价值,不详,现金价值,不详
实际交纳的保险费，基本保险金额,实际交纳的保险费，本保险实际交纳的保险费与身故时保险单的现金价值取大，基本保险金额,现金价值,现金价值,不详,现金价值,不详
重大疾病保险金：因意外伤害或生效180日后因意外伤害外的原因初次发生重大疾病，确诊时保险金额*1，生效180日以内因意外伤害外的原因初次发生重大疾病：已支付的保险费总额*1;特定疾病提前给付保险金：因意外伤害或生效180日后因意外伤害外的原因初次发生特定疾病：即时保险金额*20%不超过100000元，给付即时保险金额*20%;超过100000元，给付100000元;,已支付的保险费总额*1，即时保险金额*1;,保险单现金价值*1,本合同保险单的现金价值扣除各项欠款后余额的80%,不详,本合同保险单的现金价值,不详
重大疾病保险金=保险金额*1;，已发生轻症疾病重大疾病保险金=保险金额-轻症疾病保险金的累计给付总额;轻症疾病保险金=保险金额*20%;护理辅助金=保险金额*20%;,18周岁之前，以下两个给付金的较大值，给付金=累计已交纳保险费（无息）*1，给付金=本合同的现金价值*1;18周岁之后，以下两个给付金的较大值，给付金=累计已交纳保险费（无息）*105%，给付金=本合同的现金价值*1;,退还金=现金价值*1,本合同现金价值余额*80%,借款时中国人民银行公布的人民币一年期贷款基准利率确定，但不低于年利率 4%。,本合同的现金价值,不详
重大疾病保险金=保险金额*1,身故保险金=保险金额*1,"发生第2项导致身故或重大疾病,且交足2年以上保险费;发生上述第1项、第3-7项情形导致被保险人身故退还金=保险单的现金价值*1;发生第2项导致身故或重大疾病,且交足2年以上保险费退还金=保险单的现金价值*1;发生上述第1项、第3-10项情形导致被保险人患重大疾病退还金=保险单的现金价值*1;",现金价值扣除各项欠款后余额*80%,中国人民银行六个月期贷款利率＋3%,返还金额=保险单的现金价值,不详
重大疾病保险金，基本保额*0.1，基本保额*0.2，基本保额*0.3，妊娠终止保险金;,身故保险金*1,现金价值*1,无,无,现金价值,不详
75岁后首次确诊第一类重大疾病给付金=确诊时基本保险金额*20%;22岁前患儿童特定疾病给付金=确诊时基本保险金额*20%;第二类重大疾病保险金：第一次给付金=确诊时本合同的基本保险金额*1，第二次给付金=首次第二类重大疾病基础保障金额*1，第三次给付金=首次第二类重大疾病基础保障金额*1，白血病给付金=第二类重大疾病保险金+基本保险金额*50%;全残给付金=基本保险金额*1;老年长期护理保险金给付金=基本保险金额*1;疾病终末期阶段保险金给付金=基本保险金额*1;,未满18岁，给付金=身故时本合同按年付方式换算的应付已付各期年标准保险费之和;年满18岁，给付金=身故时本合同的基本保险金额*1;,"发生上述第一部分的第一项情形导致被保险人身故,已交足2年以上保险费退还金=本合同的现金价值*1;发生上述第一部分其他情形导致被保险人身故退还金=本合同的现金价值*1;",本合同当时现金价值*90%,以下两者较大值{中国人民银行公布的当时适用 的人民币六个月期贷款利率（年利率），4.5%},本合同的现金价值,不详
不详,无,本合同的现金价值,无,无,本合同的现金价值,不详
不详,无,不详,无, 无,未满期净保险费,不详
不详,无,本合同的现金价值,无,无,本合同的现金价值,无
无,无,无,无,无,无,无
无,无,不详,无,无,本合同终止时的现金价值,不详
无,无,无,无,无,无,无
无,无,无,无,无,无,无
不详,无,未满期净保险费,无,无,未满期净保险费,不详
A=保险金额*所交保险费对应比例,A=保险金额*已交保费对应比例,无,本合同当时的现金价值扣除欠交保险费、借款及利息后余额的80%,无,"（签收保险单后十日内要求解除本合同：全部已收保险费）,（签收保险单十日后要求解除本合同：退还本合同现金价值）;",不详
基本保险金额*1，基本保险金额*20%，基本保险金额*1/120,保险费总额*1;基本保险金额*1;,现金价值*1,（本合同现金价值-欠交保险费）*80%,无,现金价值,不详
基本保险金额*1，基本保险金额*50%，已支付的保险费金额*1,无,相应的现金价值*1,无,无,现金价值,无
保险金额*1，已支付保险费*1,保险金额*1，已支付保险费*1,现金价值*1,现金价值*80%,无,本合同现金价值,不详
基本保险金额*1,180日（含）内全部保险费;180日后;基本保险金额;,不详,无,无,现金价值,不详
早期危重疾病保险金*1/重大疾病保险金*1,基本保险金额*1（若之前已给付过早期危重疾病保险金，则扣除）,约定,本合同现金价值扣除各项欠款及利息后余额的90%,不详,现金价值,不详
基本保险金额*1,基本保险金额*1,不详,本合同现金价值扣除各项欠款及利息后余额的90%,不详,现金价值,不详
基本保险金额*1;基本保险金额*20%,累计已交保险费,本保险合同的现金价值,申请时保单现金价值余额的80%,不详,现金价值,本合同现金价值
基本保险金额*1，所交保险费*1，基本保险金额*20%，基本保险金额*50%,已交保险费*1，基本保险金额*1,现金价值*1,现金价值*80%,不详,现金价值*1,无
非意外伤害：累计已缴纳保险费金额*1;意外伤害：基本保险金额*1;,180日内非意外伤害：累计已缴纳的保险费*1;意外伤害/180日后：未满18周岁为已缴纳的保险费*1;满18周岁为基本保险金额*1;,不详,约定,不详,现金价值,不详
已缴纳保险金*1,已缴纳保险费*1,约定,无,无,现金价值,不详
基本保险金额*1,/,无,无,无,未满期保险费,本期应交保险费×本期保险费未经过日数÷本期保险费应承保日数
重大疾病：（等待期内，所有累计已缴保险费*1);(等待期后，基本保险金额*1;特定疾病：基本保险金额*20%;轻症疾病：基本保险金额*20%;,/,无,基本保险金额*90%,不详,现金价值,不详
基本保险金额*1,/,保险费×（1-35%）×（1-经过天数/本合同保险期间内所包含的天数）,无,无,不详,未到期净保费
恶性肿瘤：（1年后发病;基本保险金额*1）（1年内发病：累计已交纳保险费的105%;轻度恶性肿瘤：（1年后发病：基本保险金额*20%）(1年内发病;累计已交纳保险费的105%;,累计已交纳保险费的105%和身故时的现金价值的较高者,不详,现金价值80%,不详,不详,本合同现金价值
不详,不详,本合同的现金价值,无,无,本合同的现金价值,不详
不详,无,未满期净保险费,无,无,未满期净保险费,不详
不详,不详,本合同终止时的现金价值,约定,约定,本合同终止时的现金价值,不详
被保险人等待期后首次发病并经医院确诊初次患上一种或多种本合同第三十一条所定义的癌症，我们按本合同的基本保险金额给付癌症保险金;被保险人等待期后首次发病并经医院确诊初次患上一种或多种本合同第三十二条所定义的高费用癌症，我们按本合同基本保险金额的200%给付高费用癌症保险金;被保险人等待期后首次发病并经医院确诊初次患上一种或多种本合同第三十一条所定义的癌症，我们按本合同基本保险金额的10%给付癌症疗养保险金;,无,本合同的现金价值,不超过本合同当时所具有的现金价值净额的90％,约定,保险单的现金价值,不详
不详,无,本合同终止时的现金价值,无,无,本合同终止时的现金价值,无
癌症保险金：被保险人等待期后首次发病并经医院确诊初次患病，给付基本保险金额*1;初次患病但首次发病时间在等待期内，给付已交保险费*1;，高费用癌症保险金：被保险人等待期后首次发病并经医院确诊初次患病，给付基本保险金额*200%;初次患病但首次发病时间在等待期内，给付已交保险费*1;,已交保险费*1,保险单的现金价值*1,现金价值净额的90％,不详,保险单的现金价值,不详
已支付的保险费*1，基本保险金额*1，基本保险金额*3‰*实际住院天数，基本保险金额*30%，基本保险金额*3,已支付的保险费*1，现金价值*1，已支付的保险费*105%，基本保险金额*50%,现金价值*1,本合同保险单现金价值扣除各项欠款后余额*80%,约定,现金价值,无
癌症关爱保险金：本合同生效或最后一次复效起1年后确诊初次发生，基本保险金额*1;1年内且未身故，已支付的保险费总额;，癌症轻症提前给付保险金：本合同生效或最后一次复效起1年后确诊初次发生：基本保险金额*30%;，癌症住院津贴：基本保险金额×3‰×实际住院天数;，癌症手术津贴：本合同生效或最后一次复效起1年后确诊初次发生，基本保险金额*30%;，癌症放、化疗津贴：本合同生效或最后一次复效起1年后确诊初次发生，基本保险金额*30%;，肝脏移植或造血干细胞移植津贴：本合同生效或最后一次复效起1年后确诊初次发生：基本保险金额*3;,被保险人身故时未满18周岁：已支付的保险费总额*1，身故时本合同保险单的现金价值*1;，身故时年满18周岁：已支付的保险费总额*105%，身故时本合同保险单的现金价值*1;,保险单的现金价值*1,本合同保险单现金价值扣除各项欠款后余额的80%,不详,保险单的现金价值,不详
癌症关怀保险金*1;癌症住院津贴保险金（保险金额1.5%）;癌症手术津贴保险金（保险金额10%）,保险金额*1,约定,无,无,不详,"犹豫期内,无息退还保险费;犹豫期后,本合同现金价值"
癌症关怀：基本保险金额*1;癌症住院津贴：基本保险金额1.5%/每日;癌症手术津贴：基本保险金额10%;,基本保险金额*1,约定,无,无,不详,"犹豫期内,无息退还保险费;犹豫期后,本合同现金价值"
癌症关爱、额外给付保险金：基本保险金额*1;癌症住院津贴：基本保险金额*1%/100天;癌症手术津贴：基本保险金额10%;,/,约定,无,无,不详,"犹豫期内,无息退还保险费;犹豫期后,本合同现金价值"
基本保险金额*1,/,无,无,无,不详,无
癌症确诊：（一年内）缴纳保险费105%;（一年后）基本保险金额*5;原位癌：基本保险金额10%;癌症住院：基本保险金额1%/180天;癌症手术：基本保险金额*1;癌症放、化疗：放化疗保险金*1/10次;特定移植术：基本保险金*10;,实际交纳的保险费与身故时所在的保单年度末现金价值二者之较大者,约定,无,无,不详,"犹豫期后,本合同现金价值"
保额*1,无,现金价值*1,无,无,现金价值,无
特定恶性肿瘤保险金*1;特定良性肿瘤保险金：（确诊）保险金额*3%;（确诊并手术切除）保险金额7%;,/,无,无,无,不详,本合同现金价值
癌症确诊：（一年内）基本保险金额10%+实际缴纳保险费;（一年后）基本保险金额*5;癌症住院：基本保险金额1%/180天;癌症手术：基本保险金额*1;癌症放化疗：基本保险金额*2;肝脏移植术或造血干细胞移植术：基本保险金额*10;,实际交纳的保险费与身故时所在的保单年度末现金价值二者之较大者,约定,无,无,不详,本合同现金价值
癌症保险金：基本保险金额*1;特种癌症：基本保险金额30%;肺癌：基本保险金额20%;,身故保险金*1,现金价值,无,无,不详,"犹豫期内,扣除工本费后的全部保险费;犹豫期后,本合同现金价值"
基本保险金额*0.1+实际缴纳的保险费;保额*10+保额*2*年数;保额*0.01;保额*1;保额*2;保额*10,保险费*1;现金价值*1,现金价值*1,无,无,现金价值,无
基本癌症保险金*1;可选癌症保险金（A、B、C）,/,本期应交保险费×(1－35%)×（1－已经过日数/承保日数）,无,无,不详,未到期净保费
恶性肿瘤：（一年内）全部保险费*1;（一年后）基本保险金额*1;特定癌症：基本保险金额*1;原位癌：基本保险金额*25%;,基本保险金额*1,约定,无,无,不详,本合同现金价值
基本保险金额*1,/,"保险费×（1-35%）×（1-n/m）其中,n指本合同从生效之日至终止之日实际经过的天数,经过的天数不足一天的不计;m指本合同的保险期间对应的天数;",无,无,不详,未到期净保费
重大疾病保险金：（90天后）基本保险金额*1;轻症疾病：基本保险金额*20%;,未满18周岁：按累计缴纳的保险费数额和身故之日本合同现金价值中的较大者;已满18周岁;基本保险金额*1;,约定,不详,不详,不详,本合同现金价值
基本保险金额*1,本合同现金价值和累计已交保费的较大者,现金价值,不详,不详,不详,本合同现金价值
基本保险金额*2,无,本合同终止时的现金价值,无,不详,现金价值,无
重大疾病：基本保险金额*1;轻症疾病：基本保险金额*25%;,/,[保险费×（1-35%）×（1-(经过天数/365)）],无,无,不详,不详
保险金额*20%;保险金额*80%,现金价值;已缴保费,现金价值,现金价值*80%,中国人民银行六个月贷款利 率上浮 0.25%,现金价值,不详
基本保险金额*1,保险费*1,约定,保险合同现金价值扣除各项欠款后余额的80%,不详,不详,不详
癌症轻症：基本保险金额*1;癌症确诊：（1年内）基本保险金额*10%+已交保险费;（一年后）基本保险金额*5;癌症手术：基本保险金额*1;癌症放化疗：基本保险金额*2;移植术：基本保险金额*10;,（一年内）本主合同已交的保险费与身故时所在的保单年度末现金价值二者之较大者;本主合同已交的保险费与身故时所在的保单年度末现金价值二者之较大者,约定,无,无,不详,不详
癌症轻症：基本保险金额*1;癌症确诊：（1年内）基本保险金额*10%+已交保险费;(1年后）基本保险金额*5;癌症手术：基本保险金额*1;癌症放化疗：基本保险金额*2;移植术：基本保险金额*10;,（1年内）本主合同已交的保险费与身故时所在的保单年度末现金价值二者之较大者;（1年后）本主合同已交的保险费与身故时所在的保单年度末现金价值二者之较大者,约定,无,无,不详,不详
癌症轻症：基本保险金额*1;癌症确诊：（1年内）基本保险金额*10%+已交保险费;（1年后）基本保险金额*5;癌症手术：基本保险金额*1;癌症放化疗：基本保险金额*2;移植术：基本保险金额*10;,（1年后）按本主合同已交的保险费与身故时所在的保单年度末现金价值二者之较大者;（1年后）本主合同已交的保险费与身故时所在的保单年度末现金价值二者之较大者,约定,无,无,不详,不详
癌症确诊：基本保险金额*1;特定癌症：基本保险金额*1;,所交保险费*1,约定,无,无,不详,不详
基本保险金额*1,/,约定,无,无,不详,不详
保险单上载明的保险金额×（1+5%×保单经过整年度）,基本保险金额*1,约定,无,无,不详,不详
基本保险金额*1,/,约定,无,无,不详,不详
基本保险金额*1,基本保险金额*1,约定,无,无,不详,不详
基本保险金额*1,已交保险费*1,约定,无,无,不详,不详
基本保险金额*1,/,约定,无,无,不详,不详
非意外伤害的癌症：基本保险金额*1;肺癌：基本保险金额*120%;,"年满18周岁后的首个合同生效日对应日前身故，并且在身故前未被确诊患癌症：已支付的保险费与被保险人身故时基本保险金额对应的现金价值的较大者;年满18周岁后的首个合同生效日对应日后（若投保时被保险人年满18周岁的,自合同生效日后）因遭受意外伤害或在等待期后因意外伤害以外的原因身故，并且在身故前未确诊患癌症：已支付保险费*110%与基本保险金额*1之间较大者;",约定,无,无,不详,不详
癌症关爱：基本保险金额*1;轻症癌症：基本保险金额*30%;癌症住院：基本保险金额*3%/1000天;癌症手术：基本保险金额*30%/次;癌症放化疗：基本保险金额30%/次;移植术：基本保险金额*3/次;,被保险人经医疗机构确诊，首次患上符合本条款定义的癌症，并因该癌症在被保险人年满18周岁之后身故：基本保险金额*1;其他情形：本主险合同已收取的保险费与现金价值较大者;,约定,无,无,不详,不详
恶性肿瘤：保险金额*1;高费用恶性肿瘤：保险金额*1+额外给付高费用恶性肿瘤保险金*1;,所交保险费*1,约定,无,无,不详,不详
不详,不详,"本合同的保险费×70％×（1－n/m）,其中n为本合同已生效的天数,m为保险期间的天数",无,无,本合同保险单的现金价值,不详
不详,不详,本合同保险单的现金价值,无,无,本合同的现金价值,不详
不详,不详,本主险合同的现金价值,不得超过保险合同现金价值扣除各项欠款后余额的80%,约定,本主险合同的现金价值,不详
保险金额*1,/,约定,无,无,不详,不详
基本保险金额*20%;基本保险金额,本合同累计已交保险费(不计利息）,现金价值,无,无,本合同的现金价值,约定
保险金额*1,已交保险费*100%,约定,不详,不详,不详,不详
不详,无,相应的现金价值,无,无,保险单的现金价值,不详
癌症确诊：基本保险金额*1;特定癌症：基本保险金额50%;原位癌：基本保险金额20%;,未满18周岁：累计已交保险费*1;年满18周岁：累计已交保险费105%;（若身故时本合同现金价值大于上述身故保险金，将给付其超出部分）,约定,本主合同及附加合同的现金价值扣除各项欠款后余额的80%,不详,不详,不详
轻症癌症：保险金额*20%;癌症：（已获轻症癌症赔付，保险金额*80%;（未获赔付）保险金额*1;男性/女性特定癌症：保险金额*50%;全残保险金：本合同现金价值和已交保险费*105%中的较高者;,本合同现金价值和保险金额*105%中的较高者,约定,本合同当时现金价值的80%,当时中国人民银行六个月贷款利 率上浮 0.25%,不详,不详
基本保险金额*1,所交保险费*1,约定,保险合同现金价值扣除各项欠款后余额的80%,不详,不详,不详
恶性肿瘤：保险金额*1;特定恶性肿瘤：保险金额*2;,/,约定,无,无,不详,不详
恶性肿瘤：基本保险金额*1;特定恶性肿瘤：恶性肿瘤保险金*1+基本保险金额*2;,已交保险费与现金价值较大者*1,约定,本合同现金价值扣除各项欠款及应付利息后余额的80%,不详,不详,不详
基本保险金额*1,/,无,无,无,不详,未到期净保费*10%
不详,不详,本合同终止时的现金价值,不得超过本合同当时现金价值的80%,不会超过当时中国人民银行六个月贷款利率上浮 0.25%,本合同终止时的现金价值,不详
恶性肿瘤：基本保险金额*1;特定恶性肿瘤：额外给付基本保险金额20%;全残：已交保险费*1;,已交保险费*1,约定,无,无,不详,不详
保险金额*1,无身故保险金,无,无,无,除约定外不可退保,约定
基本保险金额*1,已交保险费*1（若本合同现金价值大于身故保险金，将给付其超出部分）,约定,本主合同及附加合同的现金价值扣除各项欠款后余额的80%,不详,不详,不详
不详,不详,本合同的现金价值,无,无,本合同的现金价值,不详
基本保险金额*1，基本保险金额*50%，基本保险金额*20%,无,无,本主合同及附加合同的现金价值扣除各项欠款后余额*80%,不详,现金价值,无
不详,不详,保险单的现金价值,无,无,保险单的现金价值,不详
保险金额*1,无,现金价值*1,无,无,现金价值,无
恶性肿瘤，基本保险金额*1;，特定恶性肿瘤，基本保险金额*50%;,已交纳保险费*1，现金价值*1,现金价值*1,本合同现金价值扣除各项欠款及应付利息后余额*80%,约定,现金价值,无
不详,不详,保险单的现金价值,不超过本合同当时所具有的现金价值净额的90％,不详,保险单的现金价值,不详
癌症关爱，保险金额*1;，轻症癌症，保险金额*10%;,已交保险费*1,现金价值*1,无,无,现金价值,无
不详,无,保险单的现金价值,无,无,本合同终止时的现金价值,不详
恶性肿瘤：基本保险金*1;肺癌额外保险金：基本保险金额*20%;乳腺癌额外保险金：基本保险金额*20%;,/,无,无,无,不详,不详
不详,不详,本合同的现金价值,不得超过申请时保单现金价值余额的80%,不详,本合同的现金价值,不详
恶性肿瘤：基本保险金额*1;原位癌：基本保险金额*40%;,最后一个保险期间内已交纳的保险费*1,约定,无,无,不详,不详
不详,不详,本合同的现金价值,不得超过本合同当时现金价值净额的80%,约定,本合同的现金价值,不详
确诊：基本保险金额*10;后续关爱：基本保险金额*2/次;手术：基本保险金额*1;放化疗：基本保险金额*1;住院津贴:基本保险金额*1%;移植术：基本保险金额*20;,自本合同生效（或最后复效）之日起至年满18周岁的保单周年日内身故：(1)未曾给付恶性肿瘤确诊保险金;所缴保险费*1;（2)已给付过保险金：按已交保险费与已给付的以上一项或多项保险金之和的差额*1;自年满18周岁的保单周年日以后身故：（1）因意外伤害180日内身故：基本保险金额*10;（2）180日后未患恶性肿瘤身故：本合同基本保额的10倍、被保险人身故时本合同现金价值和已交保险费三者相比的较大者;（3）身故前已患恶性肿瘤：已交保险费与已给付的以上一项或多项保险金之和的差额;,约定,现金价值净额的80%,不详,不详,不详
不详,无,无,无,无,未满期净保险费,不详
恶性肿瘤：基本保险金额*1;特定恶性肿瘤：基本保险金额*20%;,已缴保险费*1,约定,无,无,不详,不详
原位癌保险金=保险金额*25%;已获得原位癌保险金赔付，癌症保险金=保险金额*75%;未获得原位癌保险金赔付，癌症保险金=保险金额*1;特定癌症保险金=保险金额*50%;,身故保险金=max现金价值*1，保险金额所对应的已缴保险费*1;，全残保险金=max现金价值*1，保险金额所对应的已缴保险费*1;,第1种情形已缴足2年保费退还金=现金价值*1;第2种情形已缴足2年保费退还金=现金价值*1;第3-9种情形退还金=现金价值*1;,现金价值*80%,中国人民银行六个月贷款利率+0.25%,现金价值*1,不详
不详,无,本合同的现金价值,不得超过本合同现金价值扣除各项欠款及利息后余额的90%,约定,本合同的现金价值,不详
少儿特定疾病：基本保险金额*1;自闭症：基本保险金额*25%;,/,约定,无,无,不详,不详
不详,无,本合同的现金价值,无,无,本合同现金价值,不详
癌症：保险金额*1;特定癌症：保险金额*50%;轻症癌症：保险金额20%;,本合同保证现金价值和已交保险费中较大者*1,约定,当时保证现金价值净额的百分之七十,不详,不详,不详
保险费*1;保额*0.5;保额*1,保费*1;现金价值*1,现金价值*1,同现金价值的80%扣除各项欠款后的余额,无,现金价值,无
不详,无,保险单的现金价值,无,无,保险单的现金价值,不详
无,无,无,无,无,无,无
不详,无,未满期净保险费,无,无,未满期净保险费,不详
不详,不详,本合同的现金价值,无,无,本合同的现金价值,不详
无,不详,未满期净保险费,无,无,未满期净保险费,不详
第一被保险人：女性妊娠特定疾病保险金给付金=基本保险金额*1;，第二被保险人：先天性疾病保险金，脊柱裂或颅裂、先天性两肢体缺失给付金=基本保险金额*200%，其他疾病给付金=基本保险金额*100%;,分娩身故保险金=基本保险金额*1;，新生儿身故保险金=本主险合同所交的全部保险费*1;,退还金=主险合同的现金价值,无,无,合同的现金价值,不详
不详,无,未满期净保险费,无,无,未满期净保险费,未到期净保费*10%
不详,无,未满期净保险费,无,无,未满期净保险费,无
保额*1,保额*1,未满期净保费*1,无,无,未满期净保费,无
基本保额*1;基本保额*0.2,无,未满期净保费*1,无,无,未满期净保费,无
保额*1,保额*1;保额*0.1,无,无,无,未满期净保费,无
保额*1,保额*1;保额*0.1,无,无,无,未满期净保费,无
保额*1,保额*1;保额*0.1,无,无,无,未满期净保费,无
保额*1,保额*1;保额*0.1,无,无,无,未满期净保费,无
保额*1,保额*1;保额*0.1,无,无,无,未满期净保费,无
保额*1,保额*1;保额*0.1,无,无,无,未满期净保费,无
保额*1,保额*1;保额*0.1,无,无,无,未满期净保费,无
保额*1,保额*1;保额*0.1,无,无,无,未满期净保费,无
保险金额*1,保险金额,现金价值*1,现金价值*70%,中国人民银行公布的当时适用的人 民币六个月期贷款利率（年利率）与 4.5%之较大者计算,现金价值,约定
（第一类重大疾病，保险金额*20%）、（老年长期护理保险金，保险金额*1/120%）、（其他，保险金额*1),基本保险金额,现金价值*1,现金价值*70%,中国人民银行公布的当时适用的人 民币六个月期贷款利率（年利率）与 4.5%之较大者计算,现金价值,约定
无,不详,无,无,无,保险单的现金价值,无
保险金额*0.5、保险金额*1、保险金额*2、保险金额*4、保险金额*5、保险金额*10、保险金额*20、保险金额*70、保险金额*200,无,现金价值*1,无,无,保单现金价值,约定
不详,无,本合同的未满期净保险费,无,无,未满期净保险费,不详
不详,无,不详,无,无,未满期净保险费,不详
保额*1,无,现金价值*1,现金价值*0.9,“同期人民银行每月第一个营业日颁布的二年 期居民定期储蓄存款利率与 2.5%之较大者”＋2.0%,现金价值,无
不详,不详,本合同的现金价值,不得超过本合同当时的现金价值扣除欠交保险费、借款及利息后余额的百分之八十,不详,十日内：本合同的现金价值十日后：本合同的现金价值,不详
不详,无,本合同的现金价值,无,无,本合同的现金价值,不详
本保险金额的*10%（给24次）、已交保费*1、豁免2年内的应交保险,保单年度数或交费年期数（以较小者为准）的乘积,现金价值*1,现金价值净额*90%,“同期人民银行每月第一个营业日颁布的二年期居民定期储蓄存款利率与 2.5% 之较大者”＋2.0%,现金价值,约定
不详,无,未满期净保险费,无,无,未满期净保费,不详
不详,无,无,无,无,未满期净保险费,不详
不详,无,无,无,无,保险单的现金价值,不详
保险金额*1,/,无,无,无,不详,不详
保险金额*1,/,少2个月;保险费*60%;满2个月少于3个月;保险费55%;满3个月小于4个月;保险费50%;满4个月小于5个月;保险费40%;满5个月小于6个月;保险费35%;满6个月小于7个月;保险费30%;满7个月;0;,无,无,不详,不详
保险金额*1,/,"少于两个月;保险费60%;满2个月小于3个月;保险费55%;满3个月小于4个月;保险费50%;满4个月小于5个月;保险费40%;满5个月小于6个月;保险费35%;满6个月小于7个月;保险费30%;满7个月,0;",无,无,不详,不详
基本保险金额*1,/,少于2个月;保险费*60%;满2个月少于3个月;保险费*55%;满3个月少于4个月;保险费*50%;满4个月少于5个月;保险费*40%;满5个月少于6个月;保险费*35%;满6个月少于7个月;保险费*30%;满7个月;0;,无,无,不详,不详
基本保险金额*1,/,少于2个月;保险费*60%;满2个月少于3个月;保险费*55%;满3个月少于4个月;保险费*50%;满4个月少于5个月;保险费*40%;满5个月少于6个月;保险费*35%;满6个月少于7个月;保险费*30%;满7个月;0;,无,无,不详,不详
基本保险金额*50%,基本保险金额*50%,等待期内：所交保险费*1;等待期后：未满期净保费=保险费×0.65×（1－保单经过日数/保险期间日数）;,无,无,不详,不详
特定疾病保险金额*1,疾病身故保险金额*1,保险费×0.5×（1-保单经过日数/保险期间日数）,无,无,现金价值=保险费×0.5×（1-保单经过日数/保险期间日数）,不详
妊娠疾病：妊娠疾病保险金额*1;流产：流产保险金额*1;先天性畸形：先天性畸形保险金额*1;,/,净保险费×（1－保险经过天数/保险期间的天数）,无,无,净保险费×（1－保险经过天数/保险期间的天数）,不详
女性疾病：基本保险金额*1;特定手术：基本保险金额*10%;,/,无,无,无,"犹豫期内：全部保险费;犹豫期后：保险费×75﹪×n/m,其中m为保险期间所包含的月数（不足月部分按1个月计）,n为未经过月数（不足月部分不计）;",不详
妊娠并发症：基本保险金额*1;儿童先天性疾病：基本保险金额*1;,基本保险金额*1,无,无,无,未满期净保险费=当期保险费×（1－30%）×（1－该保险费所保障的已经过日数÷该保险费所保障的日数）,不详
基本保险金额*1,/,已交付保险费×（1-35%）×（1－该保险费所保障的已经过日数/该保险费所保障的日数）,无,无,不详,不详
基本保险金额*1,/,已交付保险费×（1-35%）×（1－该保险费所保障的已经过日数/该保险费所保障的日数）,无,无,不详,不详
特定恶性肿瘤：基本保险金额*1;系统性红斑狼疮：基本保险金额*50%;意外伤害面部整形：基本保险金额*20%;,/,已交付保险费×（1-35%）×（1－该保险费所保障的已经过日数/该保险费所保障的日数）,无,无,已交付保险费×（1-35%）×（1－该保险费所保障的已经过日数/该保险费所保障的日数）,不详
不详,无,未满期净保险费,无,无,未满期净保险费,不详
医疗费用*80%、医疗费用*1、保险金额*1,无,不详,无,无,现金价值,约定
不详,不详,保险单的现金价值,保险单的现金价值,约定,保险单的现金价值,不详
恶性肿瘤：按本合同基本保险金额×（1＋20%×被保险人确诊本合同所指的恶性肿瘤时保单经过整年度数）给付轻症：按本合同基本保险金额×（1＋20%×被保险人确诊本合同所指的轻症时保单经过整年度数）×20%给付,不详,本合同的现金价值,不得超过本合同当时的现金价值扣除欠交保险费借款及利息后余额的百分之八十,不详,本合同的现金价值,不详
不详,不详,本合同的现金价值,无,无,本合同的现金价值,不详
不详,无,本合同终止时的现金价值,无,无,本合同终止时的现金价值,不详
不详,无,保险单的现金价值,无,无,保险单的现金价值,不详
不详,无,本合同终止时的现金价值,无,无,本合同终止时的现金价值,不详
5轻症疾病保险金给付金=基本保险金额*20%，重大疾病保险金给付金=基本保险金额*1，癌症保险金给付金=基本保险金额*200%，特定心脑血管疾病保险金给付金=基本保险金额*200%，护理关爱保险金给付金=基本保险金额*1;,2全残保险金给付金=基本保险金额*1，身故保险金给付金=基本保险金额*1;,"2发生第（1）项情形导致保险事故且已交足2年以上保险费,发生上述其他情况导致保险事故,退还金=现金价值*1;",无,无,现金价值,不详
不详,无,不详,无,无,本合同保险单的现金价值,不详
（轻症疾病保险金，保险金额*20%），（其他，保险金额*1）、（癌症保险金、特定心脑血管疾病保险金，保险金额*200%,保险金额*1,现金价值,不详,不详,现金价值,约定
基本保险金额,无,按《保险费退还比例表》向投保人比例退还本合同最近一期已交保险费,无,无,比例退还本合同最近一期已交保险费,约定
等待期内，已交保险费*1;，等待期后，保险金额*1;,无,最近一期已交保险费*约定比例,无,无,最近一期已交保险费*约定比例,无
特定一类疾病保险金，保险金额*100%;，特定二类疾病保险金，保险金额*200%;，等待期内，已交所有保险费*1;,无,现金价值*1,现金价值*80%,约定,现金价值,无
不详,无,未满期净保险费,无,无,未满期净保险费,不详
min（3，保险金额*10%）;保险金额;保险金额*20%;保险金额*20%,累计已交保险费,合同现金价值,当时现金价值的80%,无,合同现金价值,约定
1年内，所交保费*1;1年后且65周岁（含）前;保险金额*1;1年后且65周岁后，保险金额*1;,1年内，所交保费*1;1年内因意外伤害或1年后且65周岁（含）前;保险金额*2;1年后且65周岁后，保险金额*1;,约定,本合同现金价值扣除各项欠款及应付利息后余额的70%,无,不详,不详
180日内非意外伤害：所交保费*1;意外伤害或180日后：保险金额*1;,180日内：所交保费*;180日后或意外伤害：保险金额*1;,约定,无,无,不详,不详
年满18周岁前，少儿重大疾病给付金=基本保险金额*1;年满18周岁后，成人重大疾病给付金=基本保险金额*1;,18周岁之前身故，给付金=已交保险费（无息）;18岁之后身故，给付金=基本保险金额*1;,"发生第（1）项情形导致重大疾病且已交足2年以上保险费,发生第（2）项情形导致重大疾病且已交足2年以上保险费,发生上述其他项情形导致重大疾病,发生第（1）项情形导致身故且已交足2年以上保险费,发生第（2）项情形导致身故且已交足2年以上保险费,发生第（1）-（7）项情形导致身故,退还金=保险单的现金价值*1;",不详,不详,保险单的现金价值,不详
全残、生命关爱、重大疾病、：保险金额*1;男性/女性特定重大疾病：保险金额*150%;长期护理：保险金额*1/120;轻症疾病：保险金额*20%;,年满18周岁前（不含18周岁生日当天）因意外伤害事故或疾病导致身故：全部保险费*1;年满18周岁后（含18周岁生日当天）因意外伤害事故或疾病导致身故：保险金额*1;,约定,本合同当时现金价值的80%,中国人民银行六个月贷款利 率上浮 0.25%,不详,不详
重大疾病：基本保险金额*1;特定疾病：基本保险金额*30%或100000元中的较大者;,身故或全残：已支付保险费总额和本合同现金价值中较大者;,（基本保险金额－累计已提前给付的保险金）/基本保险金额×未发生提前给付情况下的现金价值,无,无,不详,不详
重大疾病：基本保险金额*1;全面保障：基本保险金额*1;,已支付的保险费总额和本合同保险单的现金价值中较大者,约定,无,无,不详,不详
保险金额*1,/,已交保险费×（1-手续费比例）×（1-已交保险费对应保障期间已经过的日数/已《保无忧重大疾病保险B款》2013年9月备案交保险费对应保障期间的总日数）,无,无,已交保险费×（1-手续费比例）×（1-已交保险费对应保障期间已经过的日数/已《保无忧重大疾病保险B款》2013年9月备案交保险费对应保障期间的总日数）,不详
保险金额*1,/,已交保险费×（1-手续费比例）×（1-已交保险费对应保障期间已经过的日数/已交保险费对应保障期间的总日数）,无,无,已交保险费×（1-手续费比例）×（1-已交保险费对应保障期间已经过的日数/已交保险费对应保障期间的总日数）,不详
不详,不详,本合同的现金价值,无,无,本合同的现金价值,不详
不详,无,无,无,无,合同的现金价值,不详
本合同的保险金额,无,本合同的现金价值,无,无,本合同终止之日的现金价值,无
不详,不详,保险单的现金价值,无,无,保险单的现金价值,不详
保险金额*1,保险费,现金价值*1,现金价值扣除各项欠款后余额的80%,以同期中国人民银行六个 月期贷款利率＋0.5%,现金价值,约定
基本保险金额-特定疾病保险金;min（10，基本保险金额*20%）,本合同的标准体年交保险费×交费年期数;基本保险金额,现金价值,现金价值净额的90％,无限制,现金价值,约定
基本保险金额;基本保险金额*3,累计已交全部保险费,现金价值扣除欠交保险费及利息后的余额,无,无,现金价值扣除欠交保险费及利息后的余额,无
（轻症重疾保险金，保险金额*20%）、（重大疾病保险金，保险金额*1）,（未满18，已交保险费*1）、（已满18，保险金额*1）,现金价值*1,现金价值的80%扣除本合同未偿还的保单贷款本金及利息后的余额,约定,现金价值,约定
约定,本合同的保险金额,保险单的现金价值,无,无,保险单的现金价值,无
（等待期内重大疾病保险金或身故保险金，已交保险费*1）、（等待期外重大疾病保险金，保险金额*1）、（特定重大疾病保险金，基本保险金额*3）,累计已交保险费*1,"（情形1,现金价值扣除欠交保险费及利息后的余额）、（其他情形,已交保费）",无,无,现金价值扣除欠交保险费及利息后的余额,约定
重大疾病：基本保险金额*1;少儿重大疾病：（年满1周岁前：基本保险金额*50%）（一周岁—18周岁：基本保险金额*1;,/,约定,无,无,约定,不详
基本保险金额*1,/,保险费×（1－35％）×（1－经过天数/保险期间的天数）,无,无,保险费×（1－35％）×（1－经过天数/保险期间的天数）,不详
轻症疾病：基本保险金额*20%;重大疾病：（180日内）保险费*1.1;（180日后或意外伤害）基本保险金额*1;,180日内：所交保险费*1;180日后或意外伤害：（18周岁前）保险费*1;(18周岁后）基本保险金额*1;,约定,约定,不详,约定,不详
轻症：（意外伤害或180日后：基本保险金额*20%;重大疾病：（意外伤害或180日后）基本保险金额*1;（180日内）所交保费*1.1;,180日内：所交保费;意外伤害或180日后：（18周岁前）所交保费*1;（18周岁后）基本保险金额*1;,约定,无,无,不详,不详
保险金额*1,18周岁前：所交保费*1;18周岁后：（90日内）所交保费*1;（90日后）基本保险金额*1;,不详,当时的现金价值扣除欠交保险费、借款及利息后余额的百分之八十,不详,不详,不详
重大疾病：（第一个保单周年日之前）基本保险金额*1;（第一个之后，第二个保单周年日之前）基本保险金额*2;（第二个保单周年日后）基本保险金额*3;特定疾病：重大疾病保险金*20%;,全残：基本保险金额*3;身故：（18周岁前）所交保费*1;（18周岁后等待期内）所交保费*1;（18周岁后等待期后）基本保险金额*3;,不详,时现金价值净额*80%,不详,不详,不详
保险金额*1,保险金额*1,保险费×（1-10%）×（1-保单经过天数/365）,无,无,保险费×（1-10%）×（1-保单经过天数/365）,不详
恶性肿瘤：基本保险金额*1;未危及生命的恶性肿瘤：基本保险金额*30%;,已满18周岁：基本保险金额*1;未满18周岁：MAX（现金价值，已交保费);,不详,过本合同现金价值扣除各项欠款后余额的80%,MAX（同期中国人民银行6个月期贷款利率与2%之和；4%）,不详,不详
癌症保险金：基本保险金额*5;癌症住院:基本保险金额*1%/天;癌症手术：基本保险金额*1;癌症放化疗：基本保险金额*2;肝脏或造血干细胞移植：基本保险金额*10;轻症癌症：基本保险金额*1;,18周岁前（未患癌症）MAX（现金价值;已交保费）;18周岁后：MAX（现金价值;已交保费105%);,不详,本合同当时现金价值的80%,当时中国人民银行六个月贷款利 率上浮 0.25%,不详,不详
保险金额*1,/,不详,无,无,不详,不详
恶性肿瘤：基本保险金额*1;原位癌：基本保险金额*25%;,/,不详,本合同当时具有的现金价值在扣除借款、已垫交保险费及前述款项应付利息后的余额*90%,不详,不详,不详
恶性肿瘤：基本保险金额*1;原位癌：基本保险金额*20%;,已交保费*1,不详,本合同当时具有的现金价值之和在扣除借款、已垫交保险费及上述款项应付利息后的余额*90%,不详,不详,不详
180日后恶性肿瘤、意外伤害：基本保险金额*1;180日内恶性肿瘤：（1）交费期满前：（2）	本合同的标准体年交保险费×被保险人发病时本合同的保单年度数（2）交费期满后：本合同的标准体年交保险费×交费年期数;特定疾病：基本保险金额*10%;,（1）交费期满前：本合同的标准体年交保险费×被保险人身故时本合同的保单年度数（2）交费期满后：本合同的标准体年交保险费×交费年期数;,不详,无,无,不详,不详
癌症轻症：基本保险金额*1;癌症确诊：基本保险金额*10%+已交保费;癌症手术：基本保险金额*1;癌症放化疗：基本保险金额*2;肝脏或造血干细胞移植：基本保险金额*10;,1年内：（未患癌症或癌症轻症）MAX(已交保费;身故时现金价值）;1年后：MAX(已交保费;身故时现金价值）;,不详,无,无,不详,不详
保险金额*1,/,"保险费×（1-35%）×（1-N/M）,其中,N指本合同从生效之日至终止之日实际经过的天数,经过的天数不足一天的不计;M指本合同的保险期间对应的天数。",无,无,"保险费×（1-35%）×（1-N/M）,其中,N指本合同从生效之日至终止之日实际经过的天数,经过的天数不足一天的不计;M指本合同的保险期间对应的天数。",不详
癌症关爱：（1年内）已交保费*105%;（1年后）基本保险金额*1;轻症癌症：（1年内）;已交保费*105%;（1年后）基本保险金额*20%;,MAX已交保费*105%;身故时的现金价值;,不详,本合同现金价值的80%,无,不详,不详
恶性肿瘤：保险金额*1;特定疾病：保险金额*25%;,MAX已交纳的本合同的累计保险费数额（不计息）;被保险人身故之日的本合同的现金价值;,不详,无,无,不详,不详
基本保险金额*1,/,不详,无,无,不详,不详
恶性肿瘤：基本保险金额*1;原位癌：基本保险金额*25%;,/,不详,现金价值在扣除借款、已垫交保险费及前述款项应付利息后的余额*90%,不详,不详,不详
轻症：基本保险金额*20%;恶性肿瘤关爱：基本保险金额*1;恶性肿瘤住院：基本保险金额*3%/天;恶性肿瘤手术：基本保险金额*30%;恶性肿瘤放化疗：基本保险金额*30%;移植：基本保险金额*3;,已交保险费*1,不详,保险合同实际具有的现金价值扣除各项欠款后余额的80％,不详,不详,不详
轻度恶性肿瘤医疗费用保险金给付=相关医疗费用*90%或100%，恶性肿瘤确诊保险金金福=保险金额，恶性肿瘤医疗费用保险金给付=相关医疗费用*90%或100%，恶性肿瘤住院康复保险金给付=保险金额*0.1%*实际住院天数，恶性肿瘤放化疗津贴=保险金额*10%，恶性肿瘤手术津贴=保险金额*20%，肝脏移植术或造血干细胞移植术保险金给付=保险金额*2,身故给付=max（已交保费，现金价值）,现金价值,现金价值扣除各项欠款后余额的80%,同期中国人民银行颁布的一年期贷款利率+2%,现金价值,不详
第一类重大疾病给付金=基本保险金额*20%，第二类重大疾病给付金=基本保险金额，癌症康复保险金给付=基本保险金*10%或15%或25%,基本保险金额,现金价值,当时现金价值的70%,max（当时适用的人民币六个月期贷款利率（年利率）与，4.5%）,扣除未偿还借款及借款利息（若有）后的现金价值,不详
保险金额,保险金额,现金价值,当时现金价值的70%,max（当时适用的人民币六个月期贷款利率（年利率），4.5%）,现金价值,不详
保险金额,保险金额,现金价值,当时现金价值的70%,max（当时适用的人民币六个月期贷款利率（年利率），4.5%）,扣除未偿还借款及借款利息（如有）后的现金价值,不详
第一类重大疾病保险金给付=基本保险金*20%，第二类重大疾病保险金给付=基本保险金,基本保险金额,现金价值,当时现金价值的70%,max（当时适用的人民币六个月期贷款利率（年利率）， 4.5%）,扣除未偿还借款及借款利息（如有）后的现金价值,不详
（老年长期护理保险金，保险金额*1/120）、（其他，保险金额*1）,保险金额*1,现金价值*1,现金价值的百分之七十,当时适用的人 民币六个月期贷款利率（年利率）与 4.5%之较大者,现金价值,约定
保险金额*1、保险金额*20%、保险金额*50%,（18岁之前身故，已交保险费*1）、（其他，保险金额）,现金价值*1,现金价值的百分之七十,当时适用的人 民币六个月期贷款利率（年利率）与 4.5%之较大者,现金价值,约定
相应疾病的保险金额，身故保险金额,身故保险金额,无,无,无,未发生过保险金领取：现金价值;已发生过保险金领取：0,未到期净保费*35%
基本保险金额*100%或20%,被保险人身故时未满18岁：按年付方式换算的应付已付各期保费之和;被保险人身故时已满18岁：基本保险金额,现金价值,当时现金价值的70%,max（当时适用的人民币六个月期贷款利率（年利率），4.5%）,扣除未偿还借款及借款利息（如有）后的现金价值,不详
保险金额*0.5、保险金额*1、保险金额*2、保险金额*4、保险金额*5、保险金额*10、保险金额*20、保险金额*30、保险金额*70、保险金额*200,无,现金价值*1,无,无,保单现金价值,约定
基本保额*0.1,年交保险费*min（保单年度数，交费年期数）,现金价值*1,现金价值*0.9,“同期人民银行每月第一个营业日颁布的二年期居民定期储蓄存款利率与 2.5% 之较大者”＋2.0%,现金价值,无
约定,无,无,无,无,现金价值,无
（特定癌症，基本保额*40%)、（“附带被保险人”于出生七日后六周岁前身故，基本保额*10%）、（系统性红斑狼疮、基本保额*20%）、（特定手术、骨质疏松症，基本保额*5%）、（先天性疾病保险金，基本保额*15%）、（其他，基本保额）,基本保额*1,现金价值*1,现金价值扣除欠交保险费、借款及利息后余额的百分之八十,不详,现金价值,不详
保险金额*1;保险金额*0.1,无,无,无,无,现金价值,无
保额*1,孕妇身故保险金*1;连带被保险人身故保险金*1,无,无,无,现金价值,无
保额*1;保额*1.5,保额*1,现金价值*1,过本合同当时的现金价值扣除欠交保险费、借款及利息后余额的百分之八十,无,现金价值,无
癌症保险金给付金=基本保险金额*1，特定轻度癌症保险金给付金=基本保险金额*30%;,给付金=基本保险金额,退还金=本合同的现金价值（扣除本合同已给付或应给付的癌症保险金和特定轻度癌症保险金）,现金价值扣除欠交保险费、借款及利息后余额*80%,不详,本合同的现金价值,不详
保险金额*1;保险金额*0.5+特定疾病保险金额*1,身故保险金额*1,现金价值*1,过本合同当时的现金价值扣除欠交保险费、借款及利息后余额的百分之八十,无,无,无
给付金=保险金额*1,无,退还金=本合同的现金价值*1,不详,不详,保险合同的现金价值,不详
保额*1,无,无,无,无,未满期净保费,无
基本保额*1,无,未满期净保费*1,无,无,未满期净保费,无
给付金=保险金额*1,无,退还金=本合同的现金价值*1,不详,不详,保险合同的现金价值,不详
