交费方式_交费方式集合,保单贷款政策_计息方式
['趸交'],无
['分期'],不详
"['分期', '趸交']",不详
['约定'],无
"['趸交', '月交', '季交', '半年交', '年交']",单利
['分期'],不详
"['趸交', '分期']",无
['分期'],无
['分期'],无
['分期'],无
['分期'],约定
['不详'],不详
['不详'],无
"['趸交', '分期']",复利
"['趸交', '分期']",复利
['分期'],无
['约定'],无
['约定'],无
"['分期', '趸交']",无
['趸交'],无
['约定'],无
['约定'],单利
['约定'],无
['分期'],无
['分期'],复利
['分期'],无
['约定'],不详
['不详'],复利
['趸交'],单利
['不详'],复利
['趸交'],不详
['不详'],复利
"['分期', '趸交']",复利
['不详'],复利
"['分期', '趸交']",单利
['约定'],不详
['约定'],单利
['约定'],不详
['约定'],无
['趸交'],无
['趸交'],无
['约定'],无
['趸交'],无
['无'],无
"['分期', '趸交']",不详
['约定'],不详
"['分期', '趸交']",复利
"['年交', '分期', '约定']",不详
['约定'],单利;复利
['约定'],单利;复利
['约定'],单利;复利
['无'],无
['不详'],不详
['趸交'],无
['约定'],无
['不详'],不详
"['趸交', '分期', '约定']",约定
"['趸交', '年交']",单利 
['趸交'],无
"['分期', '趸交']",复利
"['分期', '趸交']",约定
['约定'],约定
['约定'],单利
['约定'],单利
['约定'],单利
['不详'],不详
"['分期', '趸交']",单利
['约定'],复利
"['分期', '趸交']",约定
['约定'],无
['年交'],复利
"['分期', '趸交']",复利
"['月交', '年交']",复利
['不详'],复利
['趸交'],无
['不详'],复利
['趸交'],无
"['月交', '季交', '半年交', '年交']",不详
['约定'],单利
['约定'],单利
['约定'],无
['约定'],不详
['约定'],无
['约定'],无
['趸交'],无
['约定'],不详
['趸交'],无
['趸交'],无
"['趸交', '分期']",无
['趸交'],无
"['趸交', '分期']",无
['约定'],无
['趸交'],无
"['趸交', '分期']",无
"['趸交', '年交', '半年交', '季交', '月交']",单利
['约定'],单利
['趸交'],无
['不详'],不详
['不详'],不详
['不详'],不详
['不详'],不详
"['年交', '年交']",不详
['不详'],不详
"['趸交', '分期']",无
['趸交'],不详
['趸交 '],不详
['趸交'],不详
"['趸交', '分期']",无
['不详'],不详
['趸交'],无
"['趸交', '分期']",复利
['约定'],复利
['分期'],无
['不详'],无
['趸交'],无
['约定'],无
['趸交'],无
['趸交'],无
"['趸交', '分期']",无
"['趸交', '分期']",复利
"['趸交', '分期']",复利
['趸交'],无
['约定'],无
['约定'],无
['约定'],单利
['约定'],复利
['约定'],不详
['约定'],单利
['约定'],单利
['约定'],不详
['约定'],复利
['约定'],不详
['约定'],不详
['约定'],复利
['约定'],不详
['约定'],复利
['约定'],不详
['约定'],无
['趸交'],不详
['趸交'],无
['约定'],不详
['约定'],不详
['约定'],不详
"['趸交', '年交']",不详
['约定'],不详
['不详'],复利
['约定'],无
['不详'],单利;复利
['约定'],无
['趸交'],无
['约定'],无
['无'],无
['趸交'],无
['无'],无
['无'],无
['趸交'],无
['不详'],不详
['约定'],单利
['趸交'],无
"['趸交', '分期']",复利
"['趸交', '分期']",无
['约定'],复利
['约定'],复利
['趸交'],复利
['分期'],不详
['约定'],不详
['约定'],无
['趸交'],无
['分期'],不详
['趸交'],无
['约定'],复利
['趸交'],无
['趸交'],无
['约定'],单利
"['趸交', '分期']",复利
['约定'],无
"['趸交', '分期']",不详
"['趸交', '年交', '月交']",不详
"['年交', '月交']",不详
['约定'],无
['约定'],无
['约定'],无
['不详'],无
['约定'],无
['趸交'],无
['趸交'],无
['约定'],无
['约定'],无
['约定'],无
['不详'],无
['分期'],无
['趸交'],无
['约定'],不详
['约定'],复利
['趸交'],不详
['趸交'],无
"['月交', '季交', '半年交', '年交', '趸交']",复利
['约定'],复利
['分期'],无
['分期'],无
['分期'],无
['约定'],无
['约定'],无
['约定'],无
"['年交', '月交']",无
['约定'],无
['趸交'],无
"['年交', '月交']",无
"['趸交', '年交']",无
['约定'],无
['约定'],无
['趸交'],无
['年交'],无
['约定'],单利
['趸交'],无
['约定'],无
['分期'],复利
['趸交'],无
['约定'],复利
['约定'],复利
['约定'],复利
['趸交'],无
['约定'],复利
['约定'],无
['约定'],复利
['约定'],无
['趸交'],无
['约定'],复利
"['趸交', '分期']",无
['约定'],复利
['约定'],无
['趸交'],无
['约定'],复利
"['趸交', '分期']",复利
['约定'],无
['约定'],无
['约定'],无
['不详'],不详
['约定'],无
['约定'],不详
['约定'],复利
['趸交'],无
['约定'],无
['约定'],复利
['约定'],单利
['约定'],无
['约定'],无
['分期'],复利
['约定'],不详
['不详'],无
['无'],无
['不详'],无
['约定'],无
['趸交'],无
['趸交'],无
['约定'],无
['趸交'],无
['趸交'],无
['趸交'],无
['趸交'],无
['趸交'],无
['趸交'],无
['趸交'],无
['趸交'],无
['趸交'],无
['趸交'],无
['趸交'],无
['约定'],单利
['约定'],单利
['趸交'],无
['趸交'],无
['约定'],无
['约定'],无
"['趸交', '分期']",复利
"['趸交', '年交']",单利
['趸交'],无
['约定'],复利
['趸交'],无
['趸交'],无
['趸交'],无
['趸交'],无
['趸交'],无
['趸交'],无
['趸交'],无
['趸交'],无
['趸交'],无
['约定'],无
['趸交'],无
['趸交'],无
['分期'],无
['趸交'],无
['趸交'],无
['趸交'],无
['趸交'],无
['趸交'],无
['约定'],单利
['年交'],单利
['约定'],无
['趸交'],无
['趸交'],无
['约定'],无
['约定'],无
['趸交'],无
['约定'],不详
['趸交'],无
['趸交'],无
['约定'],复利
['趸交'],无
"['趸交', '分期']",复利
['约定'],不详
['约定'],无
['分期'],不详
['约定'],复利
"['趸交', '年交']",无
"['趸交', '年交']",无
['趸交'],无
['趸交'],无
['约定'],无
['约定'],无
['趸交'],无
['约定'],无
['约定'],复利
"['趸交', '分期']",复利
"['年交', '月交']",无
['约定'],不详
['约定'],无
"['年交', '月交']",无
['趸交'],无
['趸交'],无
['约定'],复利
['约定'],无
['趸交'],复利
['约定'],不详
['趸交'],无
['约定'],不详
['约定'],复利
['约定'],无
['分期'],不详
['分期'],不详
"['趸交', '分期']",无
['分期'],无
['趸交'],无
['约定'],单利
['约定'],无
['约定'],无
['分期'],不详
['约定'],复利
"['趸交', '分期']",不详
['分期'],单利
['分期'],单利
['分期'],单利
['分期'],单利
['约定'],单利
['约定'],单利
['趸交'],无
['分期'],单利
['趸交'],无
['约定'],复利
['趸交'],无
"['趸交', '年交']",不详
['趸交'],无
['趸交'],无
"['趸交', '月交', '年交']",复利
"['年交', '半年交', '季交', '月交']",不详
"['年交', '月交']",复利
['趸交'],不详
['趸交'],无
['趸交'],无
['趸交'],不详
